{
	"partitions" : [
		{
			"name" : "Top",
			"pins" : [
				{
					"name" : "Sum[0]",
					"strict" : false
				},
				{
					"name" : "Sum[1]",
					"strict" : false
				},
				{
					"name" : "Sum[2]",
					"strict" : false
				},
				{
					"name" : "Sum[3]",
					"strict" : false
				},
				{
					"name" : "Sum[4]",
					"strict" : false
				},
				{
					"name" : "Sum[5]",
					"strict" : false
				},
				{
					"name" : "Sum[6]",
					"strict" : false
				},
				{
					"name" : "Sum[7]",
					"strict" : false
				},
				{
					"name" : "Sum[8]",
					"strict" : false
				},
				{
					"name" : "Sum[9]",
					"strict" : false
				},
				{
					"name" : "Sum[10]",
					"strict" : false
				},
				{
					"name" : "Sum[11]",
					"strict" : false
				},
				{
					"name" : "Sum[12]",
					"strict" : false
				},
				{
					"name" : "Sum[13]",
					"strict" : false
				},
				{
					"name" : "Sum[14]",
					"strict" : false
				},
				{
					"name" : "Sum[15]",
					"strict" : false
				},
				{
					"name" : "Sum[16]",
					"strict" : false
				},
				{
					"name" : "Sum[17]",
					"strict" : false
				},
				{
					"name" : "Sum[18]",
					"strict" : false
				},
				{
					"name" : "Sum[19]",
					"strict" : false
				},
				{
					"name" : "Sum[20]",
					"strict" : false
				},
				{
					"name" : "Sum[21]",
					"strict" : false
				},
				{
					"name" : "Sum[22]",
					"strict" : false
				},
				{
					"name" : "Sum[23]",
					"strict" : false
				},
				{
					"name" : "Sum[24]",
					"strict" : false
				},
				{
					"name" : "Sum[25]",
					"strict" : false
				},
				{
					"name" : "Sum[26]",
					"strict" : false
				},
				{
					"name" : "Sum[27]",
					"strict" : false
				},
				{
					"name" : "Sum[28]",
					"strict" : false
				},
				{
					"name" : "Sum[29]",
					"strict" : false
				},
				{
					"name" : "Sum[30]",
					"strict" : false
				},
				{
					"name" : "Sum[31]",
					"strict" : false
				},
				{
					"name" : "C_out",
					"strict" : false
				},
				{
					"name" : "C_in",
					"strict" : false
				},
				{
					"name" : "A_inp[0]",
					"strict" : false
				},
				{
					"name" : "B_inp[0]",
					"strict" : false
				},
				{
					"name" : "A_inp[1]",
					"strict" : false
				},
				{
					"name" : "B_inp[1]",
					"strict" : false
				},
				{
					"name" : "A_inp[2]",
					"strict" : false
				},
				{
					"name" : "B_inp[2]",
					"strict" : false
				},
				{
					"name" : "A_inp[3]",
					"strict" : false
				},
				{
					"name" : "B_inp[3]",
					"strict" : false
				},
				{
					"name" : "A_inp[4]",
					"strict" : false
				},
				{
					"name" : "B_inp[4]",
					"strict" : false
				},
				{
					"name" : "A_inp[5]",
					"strict" : false
				},
				{
					"name" : "B_inp[5]",
					"strict" : false
				},
				{
					"name" : "A_inp[6]",
					"strict" : false
				},
				{
					"name" : "B_inp[6]",
					"strict" : false
				},
				{
					"name" : "A_inp[7]",
					"strict" : false
				},
				{
					"name" : "B_inp[7]",
					"strict" : false
				},
				{
					"name" : "A_inp[8]",
					"strict" : false
				},
				{
					"name" : "B_inp[8]",
					"strict" : false
				},
				{
					"name" : "A_inp[9]",
					"strict" : false
				},
				{
					"name" : "B_inp[9]",
					"strict" : false
				},
				{
					"name" : "A_inp[10]",
					"strict" : false
				},
				{
					"name" : "B_inp[10]",
					"strict" : false
				},
				{
					"name" : "A_inp[11]",
					"strict" : false
				},
				{
					"name" : "B_inp[11]",
					"strict" : false
				},
				{
					"name" : "A_inp[12]",
					"strict" : false
				},
				{
					"name" : "B_inp[12]",
					"strict" : false
				},
				{
					"name" : "A_inp[13]",
					"strict" : false
				},
				{
					"name" : "B_inp[13]",
					"strict" : false
				},
				{
					"name" : "A_inp[14]",
					"strict" : false
				},
				{
					"name" : "B_inp[14]",
					"strict" : false
				},
				{
					"name" : "A_inp[15]",
					"strict" : false
				},
				{
					"name" : "B_inp[15]",
					"strict" : false
				},
				{
					"name" : "A_inp[16]",
					"strict" : false
				},
				{
					"name" : "B_inp[16]",
					"strict" : false
				},
				{
					"name" : "A_inp[17]",
					"strict" : false
				},
				{
					"name" : "B_inp[17]",
					"strict" : false
				},
				{
					"name" : "A_inp[18]",
					"strict" : false
				},
				{
					"name" : "B_inp[18]",
					"strict" : false
				},
				{
					"name" : "A_inp[19]",
					"strict" : false
				},
				{
					"name" : "B_inp[19]",
					"strict" : false
				},
				{
					"name" : "A_inp[20]",
					"strict" : false
				},
				{
					"name" : "B_inp[20]",
					"strict" : false
				},
				{
					"name" : "A_inp[21]",
					"strict" : false
				},
				{
					"name" : "B_inp[21]",
					"strict" : false
				},
				{
					"name" : "A_inp[22]",
					"strict" : false
				},
				{
					"name" : "B_inp[22]",
					"strict" : false
				},
				{
					"name" : "A_inp[23]",
					"strict" : false
				},
				{
					"name" : "B_inp[23]",
					"strict" : false
				},
				{
					"name" : "A_inp[24]",
					"strict" : false
				},
				{
					"name" : "B_inp[24]",
					"strict" : false
				},
				{
					"name" : "A_inp[25]",
					"strict" : false
				},
				{
					"name" : "B_inp[25]",
					"strict" : false
				},
				{
					"name" : "A_inp[26]",
					"strict" : false
				},
				{
					"name" : "B_inp[26]",
					"strict" : false
				},
				{
					"name" : "A_inp[27]",
					"strict" : false
				},
				{
					"name" : "B_inp[27]",
					"strict" : false
				},
				{
					"name" : "A_inp[28]",
					"strict" : false
				},
				{
					"name" : "B_inp[28]",
					"strict" : false
				},
				{
					"name" : "A_inp[29]",
					"strict" : false
				},
				{
					"name" : "B_inp[29]",
					"strict" : false
				},
				{
					"name" : "A_inp[30]",
					"strict" : false
				},
				{
					"name" : "B_inp[30]",
					"strict" : false
				},
				{
					"name" : "A_inp[31]",
					"strict" : false
				},
				{
					"name" : "B_inp[31]",
					"strict" : false
				}
			]
		}
	]
}